,BIRTH_DATE,CHILDREN,NAME,SPOUSES,link
0,,,,,/wiki/Mohamed_Jamshid_Abadi
0,1.0,,1.0,,/wiki/Abbas_Sami%27i
0,,,,,/wiki/Ibrahim_Abdel_Hamid
0,,,,,/wiki/Mohamed_Abdel-El
0,1.0,,1.0,,/wiki/Ibrahim_Abdrabbou
0,1.0,,1.0,,/wiki/Qazi_Abdul_Waheed
0,1.0,,1.0,,/wiki/Ben_Sa%C3%AFd_Abdallah
0,1.0,,1.0,,/wiki/Hiroshi_Abe_(war_criminal)
0,1.0,,1.0,,/wiki/Osamu_Abe_(rower)
0,1.0,,1.0,,/wiki/Youssef_Abou_Ouf
0,1.0,,1.0,,/wiki/Ahmed_Abou-Shadi
0,1.0,,1.0,,/wiki/Andrei_Abraham
0,,,,,/wiki/Faghme_Abrahams
0,1.0,,1.0,,/wiki/Elisabeta_Abrudeanu
0,1.0,,1.0,,/wiki/A._R._A._M._Abubucker
0,1.0,,1.0,,/wiki/Dimitrios_Adamou
0,1.0,,1.0,,/wiki/Aden_Isaq_Ahmed
0,,,,,/wiki/Gharib_Afifi
0,,,,,/wiki/Manuel_Ag%C3%BCero
0,,,,,/wiki/Dario_Aguilar
0,,,,,/wiki/Jorge_Aguirre_(athlete)
0,1.0,,1.0,,/wiki/Jim_Aherne
0,1.0,,1.0,,/wiki/Jahan_Ahir
0,,,,,/wiki/Abbas_Ahmad
0,,,,,/wiki/Hamid_Ahmed
0,,,,,/wiki/Guillermo_Ahrens
0,,,,,/wiki/Antonio_Ahumada
0,1.0,,1.0,,/wiki/Juan_%C3%81ngel_Aichino
0,1.0,,1.0,,/wiki/Toyoji_Aihara
0,1.0,,1.0,,/wiki/Georges_Ailleres
0,,,,,/wiki/Ambrosio_Aimar
0,,,,,/wiki/Ronald_Aitken
0,1.0,,1.0,,/wiki/Apparanda_Aiyappa
0,1.0,1.0,1.0,1.0,/wiki/Yumeko_Aizome
0,1.0,,1.0,,/wiki/Raif_Akbulut
0,,,,,/wiki/George_Akers_(footballer)
0,1.0,,1.0,,/wiki/Ausonio_Alacevich
0,,,,,/wiki/Mart%C3%ADn_Alarc%C3%B3n_(athlete)
0,,,,,/wiki/Julio_Alba
0,,,,,/wiki/Giuseppe_Albani_(footballer)
0,1.0,,1.0,,/wiki/Ilse_Albert
0,1.0,,1.0,,/wiki/Hermenegildo_Alberti
0,,,,,/wiki/Justo_Albornoz
0,1.0,,1.0,,/wiki/Luis_Albornoz
0,1.0,,1.0,,/wiki/Hans_Albrecht
0,1.0,,1.0,,/wiki/Pierre_Albrecht
0,,,,,/wiki/Lothar_Albrich
0,1.0,,1.0,,/wiki/John_Aldred_(sound_engineer)
0,1.0,,1.0,,/wiki/Guido_Aleati
0,,,,,/wiki/Carlos_Alegre
0,,,,,/wiki/George_Alexander_(Canadian_football)
0,1.0,,1.0,,/wiki/James_R._Alexander
0,,,,,/wiki/Paul_Alford
0,1.0,,1.0,,/wiki/Hussein_El-Alfy
0,,,,,/wiki/Luciano_Alghisi
0,,,,,/wiki/Ahmed_Khalaf_Ali
0,1.0,,1.0,,/wiki/Dina_Ali_Lasloom
0,1.0,,1.0,,/wiki/Gibreel_Ali
0,,,,,/wiki/Hamza_Ali_(footballer)
0,,,,,/wiki/Majeed_Ali
0,,,,,/wiki/Mubarak_Ali_(cricketer)
0,,,,,/wiki/Syed_Osman_Ali
0,1.0,,1.0,,/wiki/Turab_Ali_(cricketer)
0,1.0,,1.0,,/wiki/Wazir_Ali_(cyclist)
0,1.0,,1.0,,/wiki/Juan_Alighieri
0,,,,,/wiki/Ibrahim_Aliyu
