,BIRTH_DATE,CHILDREN,NAME,SPOUSES,link
0,1.0,,1.0,,/wiki/Edward_Risk_Allah
0,1.0,,1.0,,/wiki/Roland_Allard
0,1.0,,1.0,,/wiki/Robert_Allart
0,1.0,,1.0,,/wiki/Disappearance_of_Martin_Allen
0,1.0,,1.0,,/wiki/%C3%93scar_Almir%C3%B3n
0,,,,,/wiki/%C3%93scar_Alvarado_(athlete)
0,1.0,,1.0,,/wiki/Am%C3%ADlcar_%C3%81lvarez
0,1.0,,1.0,,/wiki/Arturo_%C3%81lvarez_(swimmer)
0,,,,,/wiki/Ricardo_%C3%81lvarez_(Mexican_footballer)
0,1.0,,1.0,,/wiki/Basilio_%C3%81lvez
0,,,,,/wiki/Mohamed_Aly_(gymnast)
0,1.0,,1.0,,/wiki/Mohamed_Ahmed_Aly
0,,,,,/wiki/Carlos_Amado_(rower)
0,1.0,,1.0,,/wiki/Andr%C3%A9s_Amador
0,,,,,/wiki/Amandeep
0,1.0,,1.0,,/wiki/Else_Amann
0,1.0,,1.0,1.0,/wiki/Amar_Singh_Damar
0,,,,,/wiki/Augusto_Amaro
0,,,,,/wiki/Heinz_Amb%C3%BChl
0,1.0,,1.0,,/wiki/Karl_Ameisbichler
0,1.0,,1.0,,/wiki/Jehangoo_Amin
0,,,,,/wiki/Mustapha_Amin
0,1.0,,1.0,1.0,/wiki/Amiya_Nath_Bose
0,1.0,,1.0,,/wiki/Mohamed_Ammi
0,,,,,/wiki/Shlomo_Amos
0,,,,,/wiki/Arnold_Amstutz
0,1.0,,1.0,,/wiki/An_Jeong-geun
0,1.0,,1.0,,/wiki/An_Yeong-han
0,,,,,/wiki/Barbara_Anderson_(athlete)
0,1.0,1.0,1.0,1.0,/wiki/Dusty_Anderson
0,1.0,,1.0,,/wiki/Harold_David_Anderson
0,1.0,,1.0,,/wiki/Juan_Carlos_Anderson
0,,,,,"/wiki/Thomas_Anderson_(footballer,_born_1916)"
0,1.0,,1.0,,/wiki/Tim_Anderson_(athlete)
0,,,,,/wiki/Rolf_Andersson
0,,,,,/wiki/Antonio_Ando
0,1.0,,1.0,,/wiki/Jorge_Andr%C3%A9
0,1.0,,1.0,,/wiki/Tarquinio_Angiolin
0,1.0,,1.0,,/wiki/Antonio_Angl%C3%A9s
0,1.0,,1.0,1.0,/wiki/Anil_Kumar_Chanda
0,1.0,,1.0,,/wiki/Irma_de_Antequeda
0,,,,,/wiki/Berland_Anthony
0,,,,,/wiki/Joseph_Anthony_(footballer)
0,,,,,/wiki/Eduard_Antoch
0,,,,,/wiki/N%C3%A9stor_Ant%C3%B3n
0,1.0,,1.0,,/wiki/Roberto_Antonioli
0,1.0,,1.0,,/wiki/Andr%C3%A9_Antunes
0,1.0,,1.0,,/wiki/Mohamed_Anwar
0,,,,,/wiki/Alberto_Aparicio
0,,,,,/wiki/Duberty_Ar%C3%A1oz
0,1.0,,1.0,,/wiki/Pedro_Araya_(basketball)
0,1.0,,1.0,,/wiki/Fredy_Arber
0,1.0,,1.0,,/wiki/Jacqueline_Arenstein
0,,,,,/wiki/Achad_Arifin
0,,,,,/wiki/Ko_Arima
0,1.0,,1.0,,/wiki/Juan_de_Armas
0,,,,,/wiki/George_Arnett
0,1.0,,1.0,,/wiki/Jack_Arnold_(rugby_league)
0,1.0,,1.0,,/wiki/Muslim_Arogundade
0,1.0,,1.0,,/wiki/Irene_Aronson
0,1.0,,1.0,,/wiki/Julius_Edgar_Arp
0,,,,,/wiki/Juan_Arricio
0,,,,,/wiki/George_Arthur_(Australian_soccer)
0,1.0,,1.0,,/wiki/Stelios_Arvanitis
0,,,,,/wiki/Stellas_Arvanitis
0,,,,,/wiki/Jim_Asato
